Accession,Pangolin,Geo_Location,Collection_Date
OU347653,B.1.617.2,United Kingdom:England,2021-06-04
OU347655,B.1.617.2,United Kingdom:England,2021-06-04
OU347656,B.1.617.2,United Kingdom:England,2021-06-04
OU347659,B.1.617.2,United Kingdom:England,2021-06-18
OU347660,B.1.617.2,United Kingdom:England,2021-06-18
OU347667,B.1.617.2,United Kingdom:England,2021-06-10
OU347671,B.1.617.2,United Kingdom:England,2021-06-04
OU347678,B.1.617.2,United Kingdom:England,2021-05-25
OU347679,B.1.617.2,United Kingdom:England,2021-06-10
OU347682,B.1.617.2,United Kingdom:England,2021-06-10
OU347683,B.1.617.2,United Kingdom:England,2021-06-04
OU347688,B.1.617.2,United Kingdom:England,2021-06-04
OU347695,B.1.617.2,United Kingdom:England,2021-06-04
OU347696,B.1.617.2,United Kingdom:England,2021-06-09
OU347697,B.1.617.2,United Kingdom:England,2021-06-10
OU347703,B.1.617.2,United Kingdom:England,2021-06-08
OU347704,B.1.617.2,United Kingdom:England,2021-06-04
OU347707,B.1.617.2,United Kingdom:England,2021-06-10
OU347708,B.1.617.2,United Kingdom:England,2021-06-09
OU347709,B.1.617.2,United Kingdom:England,2021-06-09
OU347710,B.1.617.2,United Kingdom:England,2021-06-09
OU347711,B.1.617.2,United Kingdom:England,2021-06-09
OU347712,B.1.617.2,United Kingdom:England,2021-06-09
OU347717,B.1.617.2,United Kingdom:England,2021-06-10
OU347719,B.1.617.2,United Kingdom:England,2021-06-07
OU347720,B.1.617.2,United Kingdom:England,2021-06-18
OU347723,B.1.617.2,United Kingdom:England,2021-06-05
OU347724,B.1.617.2,United Kingdom:England,2021-04-30
OU347727,B.1.617.2,United Kingdom:England,2021-06-03
OU347728,B.1.617.2,United Kingdom:England,2021-06-09
OU347730,B.1.617.2,United Kingdom:England,2021-06-07
OU347736,B.1.617.2,United Kingdom:England,2021-06-07
OU347737,B.1.617.2,United Kingdom:England,2021-06-09
OU347739,B.1.617.2,United Kingdom:England,2021-06-04
OU347740,B.1.617.2,United Kingdom:England,2021-06-10
OU347744,B.1.617.2,United Kingdom:England,2021-06-10
OU347745,B.1.617.2,United Kingdom:England,2021-06-09
OU347747,B.1.617.2,United Kingdom:England,2021-06-04
OU347748,B.1.617.2,United Kingdom:England,2021-06-09
OU347750,B.1.617.2,United Kingdom:England,2021-06-05
OU347751,B.1.617.2,United Kingdom:England,2021-06-10
OU347755,B.1.617.2,United Kingdom:England,2021-06-18
OU347756,B.1.617.2,United Kingdom:England,2021-06-09
OU347760,B.1.617.2,United Kingdom:England,2021-06-18
OU347761,B.1.617.2,United Kingdom:England,2021-06-10
OU347762,B.1.617.2,United Kingdom:England,2021-05-26
OU347763,B.1.617.2,United Kingdom:England,2021-06-08
OU347765,B.1.617.2,United Kingdom:England,2021-06-04
OU347766,B.1.617.2,United Kingdom:England,2021-06-05
OU347768,B.1.617.2,United Kingdom:England,2021-06-10
OU347770,B.1.617.2,United Kingdom:England,2021-05-22
OU347771,B.1.617.2,United Kingdom:England,2021-06-05
OU347776,B.1.617.2,United Kingdom:England,2021-06-09
OU347779,B.1.617.2,United Kingdom:England,2021-06-18
OU347780,B.1.617.2,United Kingdom:England,2021-06-04
OU347781,B.1.617.2,United Kingdom:England,2021-06-07
OU347790,B.1.617.2,United Kingdom:England,2021-06-09
OU347793,B.1.617.2,United Kingdom:England,2021-06-10
OU347795,B.1.617.2,United Kingdom:England,2020
OU347800,B.1.617.2,United Kingdom:England,2021-06-05
OU347802,B.1.617.2,United Kingdom:England,2021-06-05
OU347806,B.1.617.2,United Kingdom:England,2021-06-10
OU347807,B.1.617.2,United Kingdom:England,2021-06-10
OU347808,B.1.617.2,United Kingdom:England,2021-06-09
OU347809,B.1.617.2,United Kingdom:England,2021-05-09
OU347810,B.1.617.2,United Kingdom:England,2021-06-09
OU347812,B.1.617.2,United Kingdom:England,2021-06-09
OU347815,B.1.617.2,United Kingdom:England,2021-05-18
OU347818,B.1.617.2,United Kingdom:England,2021-06-10
OU347820,B.1.617.2,United Kingdom:England,2021-06-07
OU347824,B.1.617.2,United Kingdom:England,2021-05-19
OU347826,B.1.617.2,United Kingdom:England,2021-06-18
OU347828,B.1.617.2,United Kingdom:England,2021-06-10
OU347829,B.1.617.2,United Kingdom:England,2021-06-09
OU347831,B.1.617.2,United Kingdom:England,2021-06-18
OU347832,B.1.617.2,United Kingdom:England,2021-06-07
OU347833,B.1.617.2,United Kingdom:England,2021-06-05
OU347834,B.1.617.2,United Kingdom:England,2021-06-04
OU347836,B.1.617.2,United Kingdom:England,2021-06-05
OU347837,B.1.617.2,United Kingdom:England,2021-06-04
OU347838,B.1.617.2,United Kingdom:England,2021-06-04
OU347839,B.1.617.2,United Kingdom:England,2021-06-08
OU347842,AY.1,United Kingdom:England,2021-04-24
OU347847,B.1.617.2,United Kingdom:England,2021-06-05
OU347848,B.1.617.2,United Kingdom:England,2021-06-09
OU347852,B.1.617.2,United Kingdom:England,2021-06-07
OU347853,B.1.617.2,United Kingdom:England,2021-06-10
OU347854,B.1.617.2,United Kingdom:England,2021-06-09
OU347855,B.1.617.2,United Kingdom:England,2021-06-09
OU347856,B.1.617.2,United Kingdom:England,2021-06-07
OU347857,B.1.617.2,United Kingdom:England,2021-06-18
OU347864,B.1.617.2,United Kingdom:England,2021-06-10
OU347865,B.1.617.2,United Kingdom:England,2021-06-10
OU347873,B.1.617.2,United Kingdom:England,2021-06-05
OU347875,B.1.617.2,United Kingdom:England,2021-06-10
OU347876,B.1.617.2,United Kingdom:England,2021-06-10
OU347879,B.1.617.2,United Kingdom:England,2021-06-10
OU347881,B.1.617.2,United Kingdom:England,2021-06-09
OU347882,B.1.617.2,United Kingdom:England,2021-06-09
OU347883,B.1.617.2,United Kingdom:England,2021-06-05
OU347884,B.1.617.2,United Kingdom:England,2021-05-20
OU347888,B.1.617.2,United Kingdom:England,2021-06-10
OU347890,B.1.617.2,United Kingdom:England,2021-06-05
OU347892,B.1.617.2,United Kingdom:England,2021-06-04
OU347893,B.1.617.2,United Kingdom:England,2021-06-09
OU347894,B.1.617.2,United Kingdom:England,2021-06-18
OU347897,B.1.617.2,United Kingdom:England,2021-06-09
OU347898,B.1.617.2,United Kingdom:England,2021-06-09
OU347899,B.1.617.2,United Kingdom:England,2021-06-10
OU347900,B.1.617.2,United Kingdom:England,2021-06-09
OU347902,B.1.617.2,United Kingdom:England,2021-06-07
OU347903,B.1.617.2,United Kingdom:England,2021-06-10
OU347904,B.1.617.2,United Kingdom:England,2021-06-07
OU347905,B.1.617.2,United Kingdom:England,2021-06-04
OU347906,B.1.617.2,United Kingdom:England,2021-06-03
OU347908,B.1.617.2,United Kingdom:England,2021-06-05
OU347909,B.1.617.2,United Kingdom:England,2021-06-18
OU347910,B.1.617.2,United Kingdom:England,2021-06-05
OU347911,B.1.617.2,United Kingdom:England,2021-06-04
OU347912,B.1.617.2,United Kingdom:England,2021-06-10
OU347913,B.1.617.2,United Kingdom:England,2021-06-10
OU347914,B.1.617.2,United Kingdom:England,2021-06-05
OU347918,B.1.617.2,United Kingdom:England,2021-06-07
OU347923,B.1.617.2,United Kingdom:England,2021-06-05
OU347924,B.1.617.2,United Kingdom:England,2021-06-05
OU347925,B.1.617.2,United Kingdom:England,2021-06-04
OU347927,B.1.617.2,United Kingdom:England,2021-06-18
OU347932,B.1.617.2,United Kingdom:England,2021-06-04
OU347935,B.1.617.2,United Kingdom:England,2021-05-21
OU347936,B.1.617.2,United Kingdom:England,2021-06-07
OU347939,B.1.617.2,United Kingdom:England,2021-06-08
OU347941,B.1.617.2,United Kingdom:England,2021-06-18
OU347942,B.1.617.2,United Kingdom:England,2021-06-08
OU347944,B.1.617.2,United Kingdom:England,2021-06-09
OU347945,B.1.617.2,United Kingdom:England,2021-06-09
OU347946,B.1.617.2,United Kingdom:England,2021-06-07
OU347948,B.1.617.2,United Kingdom:England,2021-06-09
OU347949,B.1.617.2,United Kingdom:England,2021-06-05
OU347950,B.1.617.2,United Kingdom:England,2021-06-10
OU347952,B.1.617.2,United Kingdom:England,2021-06-10
OU347953,B.1.617.2,United Kingdom:England,2021-06-04
OU347954,B.1.617.2,United Kingdom:England,2021-06-04
OU347956,B.1.617.2,United Kingdom:England,2021-06-04
OU347957,B.1.617.2,United Kingdom:England,2021-06-09
OU347959,B.1.617.2,United Kingdom:England,2021-06-09
OU347960,B.1.617.2,United Kingdom:England,2021-06-05
OU347961,B.1.617.2,United Kingdom:England,2021-06-05
OU347964,B.1.617.2,United Kingdom:England,2021-06-04
OU347965,B.1.617.2,United Kingdom:England,2021-06-18
OU347968,B.1.617.2,United Kingdom:England,2021-05-10
OU347973,B.1.617.2,United Kingdom:England,2021-06-07
OU347974,B.1.617.2,United Kingdom:England,2021-06-09
OU347977,B.1.617.2,United Kingdom:England,2021-06-10
OU347978,B.1.617.2,United Kingdom:England,2021-06-18
OU347979,B.1.617.2,United Kingdom:England,2021-06-10
OU347980,B.1.617.2,United Kingdom:England,2021-06-05
OU347983,B.1.617.2,United Kingdom:England,2021-06-10
OU347986,B.1.617.2,United Kingdom:England,2021-06-03
OU347988,B.1.617.2,United Kingdom:England,2021-06-09
OU347989,B.1.617.2,United Kingdom:England,2021-06-07
OU347990,B.1.617.2,United Kingdom:England,2021-06-07
OU347992,B.1.617.2,United Kingdom:England,2021-06-08
OU347995,B.1.617.2,United Kingdom:England,2021-06-07
OU347999,B.1.617.2,United Kingdom:England,2021-06-09
OU348000,B.1.617.2,United Kingdom:England,2021-06-04
OU348001,B.1.617.2,United Kingdom:England,2021-06-18
OU348003,B.1.617.2,United Kingdom:England,2021-06-03
OU348004,B.1.617.2,United Kingdom:England,2021-06-04
OU348005,B.1.617.2,United Kingdom:England,2021-06-10
OU348006,B.1.617.2,United Kingdom:England,2021-06-10
OU348007,B.1.617.2,United Kingdom:England,2021-06-09
OU348008,B.1.617.2,United Kingdom:England,2021-06-04
OU348012,B.1.617.2,United Kingdom:England,2021-06-04
OU348013,B.1.617.2,United Kingdom:England,2021-06-09
OU348016,B.1.617.2,United Kingdom:England,2021-06-04
OU348017,B.1.617.2,United Kingdom:England,2021-06-07
OU348018,B.1.617.2,United Kingdom:England,2021-04-30
OU348019,B.1.617.2,United Kingdom:England,2021-06-05
OU348020,B.1.617.2,United Kingdom:England,2021-06-10
OU348021,B.1.617.2,United Kingdom:England,2021-06-04
OU348022,B.1.617.2,United Kingdom:England,2021-06-05
OU348026,B.1.617.2,United Kingdom:England,2021-06-09
OU348029,B.1.617.2,United Kingdom:England,2021-06-10
OU348030,B.1.617.2,United Kingdom:England,2021-06-04
OU348031,B.1.617.2,United Kingdom:England,2021-06-10
OU348034,B.1.617.2,United Kingdom:England,2021-06-09
OU348037,B.1.617.2,United Kingdom:England,2021-05-19
OU348038,B.1.617.2,United Kingdom:England,2021-06-04
OU348041,B.1.617.2,United Kingdom:England,2021-06-16
OU348042,B.1.617.2,United Kingdom:England,2021-06-10
OU348043,B.1.617.2,United Kingdom:England,2021-06-09
OU348044,B.1.617.2,United Kingdom:England,2021-06-09
OU348045,B.1.617.2,United Kingdom:England,2021-05-20
OU348046,B.1.617.2,United Kingdom:England,2021-06-10
OU348047,B.1.617.2,United Kingdom:England,2021-06-10
OU348050,B.1.617.2,United Kingdom:England,2021-06-10
OU348051,B.1.617.2,United Kingdom:England,2021-06-07
OU348052,B.1.617.2,United Kingdom:England,2021-06-18
OU348053,B.1.617.2,United Kingdom:England,2021-04-28
OU348054,B.1.617.2,United Kingdom:England,2021-06-09
OU348055,B.1.617.2,United Kingdom:England,2021-06-04
OU348059,B.1.617.2,United Kingdom:England,2021-06-04
OU348062,B.1.617.2,United Kingdom:England,2021-06-07
OU348063,B.1.617.2,United Kingdom:England,2021-06-09
OU348066,B.1.617.2,United Kingdom:England,2021-05-12
OU348070,B.1.617.2,United Kingdom:England,2021-06-09
OU348071,B.1.617.2,United Kingdom:England,2021-06-18
OU348072,B.1.617.2,United Kingdom:England,2021-06-05
OU348075,B.1.617.2,United Kingdom:England,2020
OU348076,B.1.617.2,United Kingdom:England,2021-06-09
OU348077,B.1.617.2,United Kingdom:England,2021-06-07
OU348078,B.1.617.2,United Kingdom:England,2021-06-10
OU348079,B.1.617.2,United Kingdom:England,2021-06-09
OU348083,B.1.617.2,United Kingdom:England,2021-06-10
OU348086,B.1.617.2,United Kingdom:England,2020
OU348087,B.1.617.2,United Kingdom:England,2021-04-29
OU348088,B.1.617.2,United Kingdom:England,2021-06-04
OU348090,B.1.617.2,United Kingdom:England,2021-06-18
OU348091,B.1.617.2,United Kingdom:England,2021-05-11
OU348096,B.1.617.2,United Kingdom:England,2021-06-07
OU348097,B.1.617.2,United Kingdom:England,2021-06-09
OU348099,B.1.617.2,United Kingdom:England,2021-06-04
OU348100,B.1.617.2,United Kingdom:England,2021-06-05
OU348103,B.1.617.2,United Kingdom:England,2021-06-09
OU348104,B.1.617.2,United Kingdom:England,2021-05-22
OU348105,B.1.617.2,United Kingdom:England,2021-05-15
OU348106,B.1.617.2,United Kingdom:England,2021-06-04
OU348107,B.1.617.2,United Kingdom:England,2021-06-09
OU348111,B.1.617.2,United Kingdom:England,2021-05-19
OU348113,B.1.617.2,United Kingdom:England,2021-06-04
OU348115,B.1.617.2,United Kingdom:England,2021-06-10
OU348116,B.1.617.2,United Kingdom:England,2021-06-05
OU348117,B.1.617.2,United Kingdom:England,2021-06-10
OU348118,B.1.617.2,United Kingdom:England,2021-06-09
OU348121,B.1.617.2,United Kingdom:England,2021-05-03
OU348125,B.1.617.2,United Kingdom:England,2021-06-09
OU348127,B.1.617.2,United Kingdom:England,2021-06-05
OU348128,B.1.617.2,United Kingdom:England,2021-06-09
OU348129,B.1.617.2,United Kingdom:England,2021-06-09
OU348130,B.1.617.2,United Kingdom:England,2021-05-11
OU348133,B.1.617.2,United Kingdom:England,2021-06-04
OU348135,B.1.617.2,United Kingdom:England,2021-06-05
OU348136,B.1.617.2,United Kingdom:England,2021-06-09
OU348137,B.1.617.2,United Kingdom:England,2021-06-09
OU348139,B.1.617.2,United Kingdom:England,2021-06-08
OU348140,B.1.617.2,United Kingdom:England,2021-06-04
OU348141,B.1.617.2,United Kingdom:England,2021-06-05
OU348143,B.1.617.2,United Kingdom:England,2021-06-09
OU348147,B.1.617.2,United Kingdom:England,2021-06-03
OU348148,B.1.617.2,United Kingdom:England,2021-06-04
OU348149,B.1.617.2,United Kingdom:England,2021-05-21
OU348150,B.1.617.2,United Kingdom:England,2021-06-04
OU348151,B.1.617.2,United Kingdom:England,2021-06-04
OU348152,B.1.617.2,United Kingdom:England,2021-06-10
OU348153,B.1.617.2,United Kingdom:England,2021-06-05
OU348155,B.1.617.2,United Kingdom:England,2021-06-05
OU348156,B.1.617.2,United Kingdom:England,2021-05-24
OU348157,B.1.617.2,United Kingdom:England,2021-06-04
OU348158,B.1.617.2,United Kingdom:England,2021-06-04
OU348160,B.1.617.2,United Kingdom:England,2021-06-04
OU348163,B.1.617.2,United Kingdom:England,2021-06-04
OU348164,B.1.617.2,United Kingdom:England,2021-06-05
OU348165,B.1.617.2,United Kingdom:England,2021-06-04
OU348167,B.1.617.2,United Kingdom:England,2021-05-21
OU348168,B.1.617.2,United Kingdom:England,2021-06-10
OU348170,B.1.617.2,United Kingdom:England,2021-06-04
OU348171,B.1.617.2,United Kingdom:England,2021-06-09
OU348172,B.1.617.2,United Kingdom:England,2021-06-16
OU348174,B.1.617.2,United Kingdom:England,2021-06-08
OU348175,B.1.617.2,United Kingdom:England,2021-06-18
OU348211,B.1.617.2,United Kingdom:England,2021-06-09
OU348212,B.1.617.2,United Kingdom:England,2021-06-10
OU348213,B.1.617.2,United Kingdom:England,2021-05-10
OU348217,B.1.617.2,United Kingdom:England,2021-06-10
OU348218,B.1.617.2,United Kingdom:England,2021-06-09
OU348219,B.1.617.2,United Kingdom:England,2021-06-10
OU348220,B.1.617.2,United Kingdom:England,2021-05-09
OU348222,B.1.617.2,United Kingdom:England,2021-06-10
OU348224,B.1.617.2,United Kingdom:England,2021-06-18
OU348225,B.1.617.2,United Kingdom:England,2021-06-09
OU348229,B.1.617.2,United Kingdom:England,2021-06-05
OU348230,B.1.617.2,United Kingdom:England,2021-06-10
OU348231,B.1.617.2,United Kingdom:England,2021-05-22
OU348232,B.1.617.2,United Kingdom:England,2021-06-09
OU348234,B.1.617.2,United Kingdom:England,2021-06-05
OU348237,B.1.617.2,United Kingdom:England,2021-05-19
OU348241,B.1.617.2,United Kingdom:England,2021-06-04
OU348242,B.1.617.2,United Kingdom:England,2021-06-09
OU348243,B.1.617.2,United Kingdom:England,2021-06-10
OU348248,B.1.617.2,United Kingdom:England,2021-06-04
OU348249,B.1.617.2,United Kingdom:England,2021-06-10
OU348250,B.1.617.2,United Kingdom:England,2021-05-12
OU348251,B.1.617.2,United Kingdom:England,2021-06-05
OU348252,B.1.617.2,United Kingdom:England,2021-05-06
OU348255,B.1.617.2,United Kingdom:England,2021-06-09
OU348256,B.1.617.2,United Kingdom:England,2021-06-09
OU348257,B.1.617.2,United Kingdom:England,2021-06-09
OU348258,B.1.617.2,United Kingdom:England,2021-06-07
OU348259,B.1.617.2,United Kingdom:England,2021-06-05
OU348260,B.1.617.2,United Kingdom:England,2021-06-07
OU348263,B.1.617.2,United Kingdom:England,2021-05-16
OU348264,B.1.617.2,United Kingdom:England,2021-06-05
OU348265,B.1.617.2,United Kingdom:England,2021-06-09
OU348267,B.1.617.2,United Kingdom:England,2021-06-10
OU348268,B.1.617.2,United Kingdom:England,2021-06-10
OU348269,B.1.617.2,United Kingdom:England,2021-06-09
OU348271,B.1.617.2,United Kingdom:England,2021-06-10
OU348272,B.1.617.2,United Kingdom:England,2021-06-04
OU348273,B.1.617.2,United Kingdom:England,2021-06-07
OU348274,B.1.617.2,United Kingdom:England,2021-06-09
OU348275,AY.1,United Kingdom:England,2021-05-04
OU348277,B.1.617.2,United Kingdom:England,2021-06-04
OU348280,B.1.617.2,United Kingdom:England,2021-06-04
OU348281,B.1.617.2,United Kingdom:England,2021-06-18
OU348283,B.1.617.2,United Kingdom:England,2021-06-20
OU348284,B.1.617.2,United Kingdom:England,2021-06-10
OU348285,B.1.617.2,United Kingdom:England,2021-06-09
OU348286,B.1.617.2,United Kingdom:England,2021-05-08
OU348287,B.1.617.2,United Kingdom:England,2021-06-07
OU348288,B.1.617.2,United Kingdom:England,2021-04-29
OU348289,B.1.617.2,United Kingdom:England,2020-07-07
OU348290,B.1.617.2,United Kingdom:England,2021-05-09
OU348292,B.1.617.2,United Kingdom:England,2021-06-16
OU348293,B.1.617.2,United Kingdom:England,2021-06-05
OU348295,B.1.617.2,United Kingdom:England,2021-06-10
OU348296,B.1.617.2,United Kingdom:England,2021-05-14
OU348297,B.1.617.2,United Kingdom:England,2021-06-05
OU348298,B.1.617.2,United Kingdom:England,2021-05-21
OU348299,B.1.617.2,United Kingdom:England,2021-06-10
OU348300,B.1.617.2,United Kingdom:England,2021-06-05
OU348301,B.1.617.2,United Kingdom:England,2021-06-05
OU348304,B.1.617.2,United Kingdom:England,2021-06-04
OU348305,B.1.617.2,United Kingdom:England,2021-06-16
OU348306,B.1.617.2,United Kingdom:England,2021-06-18
OU348308,B.1.617.2,United Kingdom:England,2021-06-10
OU348309,B.1.617.2,United Kingdom:England,2021-06-04
OU348311,B.1.617.2,United Kingdom:England,2021-06-18
OU348312,B.1.617.2,United Kingdom:England,2021-06-09
OU348313,B.1.617.2,United Kingdom:England,2021-06-04
OU348316,B.1.617.2,United Kingdom:England,2021-06-09
OU348317,B.1.617.2,United Kingdom:England,2021-05-24
OU348318,B.1.617.2,United Kingdom:England,2021-06-04
OU348319,B.1.617.2,United Kingdom:England,2021-06-18
OU348320,B.1.617.2,United Kingdom:England,2021-06-18
OU348322,B.1.617.2,United Kingdom:England,2021-06-09
OU348323,B.1.617.2,United Kingdom:England,2021-05-19
OU348327,B.1.617.2,United Kingdom:England,2021-06-18
OU348328,B.1.617.2,United Kingdom:England,2021-06-05
OU348330,B.1.617.2,United Kingdom:England,2021-06-09
OU348331,B.1.617.2,United Kingdom:England,2021-06-04
OU348335,B.1.617.2,United Kingdom:England,2021-06-04
OU348336,B.1.617.2,United Kingdom:England,2020
OU348338,B.1.617.2,United Kingdom:England,2021-06-18
OU348339,B.1.617.2,United Kingdom:England,2021-06-10
OU348341,B.1.617.2,United Kingdom:England,2021-06-09
OU348344,B.1.617.2,United Kingdom:England,2021-06-04
OU348345,B.1.617.2,United Kingdom:England,2021-06-18
OU348348,B.1.617.2,United Kingdom:England,2021-06-04
OU348350,B.1.617.2,United Kingdom:England,2021-06-09
OU348351,B.1.617.2,United Kingdom:England,2021-06-09
OU348352,B.1.617.2,United Kingdom:England,2021-06-15
OU348353,B.1.617.2,United Kingdom:England,2021-06-05
OU348357,B.1.617.2,United Kingdom:England,2021-06-07
OU348359,B.1.617.2,United Kingdom:England,2021-06-04
OU348360,B.1.617.2,United Kingdom:England,2021-06-05
OU348361,B.1.617.2,United Kingdom:England,2021-06-09
OU348364,B.1.617.2,United Kingdom:England,2021-06-09
OU348365,B.1.617.2,United Kingdom:England,2021-06-18
OU348366,B.1.617.2,United Kingdom:England,2021-06-09
OU348367,B.1.617.2,United Kingdom:England,2021-06-04
OU348368,B.1.617.2,United Kingdom:England,2021-06-10
OU348369,B.1.617.2,United Kingdom:England,2021-06-05
OU348371,B.1.617.2,United Kingdom:England,2021-06-09
OU348372,B.1.617.2,United Kingdom:England,2021-06-04
OU348376,B.1.617.2,United Kingdom:England,2021-05-18
OU348378,B.1.617.2,United Kingdom:England,2021-06-04
OU348379,B.1.617.2,United Kingdom:England,2021-06-05
OU348385,B.1.617.2,United Kingdom:England,2021-06-09
OU348387,B.1.617.2,United Kingdom:England,2021-06-16
OU348389,B.1.617.2,United Kingdom:England,2021-06-10
OU348390,B.1.617.2,United Kingdom:England,2021-06-05
OU348391,B.1.617.2,United Kingdom:England,2021-05-23
OU348392,B.1.617.2,United Kingdom:England,2021-06-10
OU348393,B.1.617.2,United Kingdom:England,2021-06-09
OU348394,B.1.617.2,United Kingdom:England,2021-06-18
OU348395,B.1.617.2,United Kingdom:England,2021-06-09
OU348396,B.1.617.2,United Kingdom:England,2021-06-09
OU348397,B.1.617.2,United Kingdom:England,2021-06-07
OU348398,B.1.617.2,United Kingdom:England,2021-06-09
OU348399,B.1.617.2,United Kingdom:England,2021-06-18
OU348400,B.1.617.2,United Kingdom:England,2021-06-04
OU348401,B.1.617.2,United Kingdom:England,2021-06-04
OU348411,B.1.617.2,United Kingdom:England,2021-06-10
OU348413,B.1.617.2,United Kingdom:England,2021-06-10
OU348417,B.1.617.2,United Kingdom:England,2021-06-09
OU348422,B.1.617.2,United Kingdom:England,2021-06-18
OU348424,B.1.617.2,United Kingdom:England,2021-06-18
OU348425,B.1.617.2,United Kingdom:England,2021-06-04
OU348426,B.1.617.2,United Kingdom:England,2021-06-09
OU348429,B.1.617.2,United Kingdom:England,2021-06-09
OU348430,B.1.617.2,United Kingdom:England,2021-06-08
OU348432,B.1.617.2,United Kingdom:England,2021-06-07
OU348433,B.1.617.2,United Kingdom:England,2021-05-20
OU348434,B.1.617.2,United Kingdom:England,2021-06-05
OU348435,B.1.617.2,United Kingdom:England,2021-06-03
OU348436,B.1.617.2,United Kingdom:England,2021-06-18
OU348438,B.1.617.2,United Kingdom:England,2021-05-16
OU348439,B.1.617.2,United Kingdom:England,2021-06-08
OU348440,B.1.617.2,United Kingdom:England,2021-06-09
OU348443,B.1.617.2,United Kingdom:England,2021-06-10
OU348444,B.1.617.2,United Kingdom:England,2021-06-09
OU348446,B.1.617.2,United Kingdom:England,2021-05-18
OU348449,B.1.617.2,United Kingdom:England,2021-06-10
OU348452,B.1.617.2,United Kingdom:England,2021-05-20
OU348454,B.1.617.2,United Kingdom:England,2021-06-04
OU348455,B.1.617.2,United Kingdom:England,2021-06-04
OU348456,B.1.617.2,United Kingdom:England,2021-06-09
OU348457,B.1.617.2,United Kingdom:England,2021-06-07
OU348458,B.1.617.2,United Kingdom:England,2021-06-10
OU348460,B.1.617.2,United Kingdom:England,2021-06-09
OU348463,B.1.617.2,United Kingdom:England,2021-06-09
OU348467,B.1.617.2,United Kingdom:England,2021-06-03
OU348468,B.1.617.2,United Kingdom:England,2021-06-05
OU348471,B.1.617.2,United Kingdom:England,2021-06-09
OU348472,B.1.617.2,United Kingdom:England,2021-06-05
OU348474,B.1.617.2,United Kingdom:England,2021-05-25
OU348475,B.1.617.2,United Kingdom:England,2021-06-09
OU348476,B.1.617.2,United Kingdom:England,2021-06-10
OU348477,B.1.617.2,United Kingdom:England,2021-06-10
OU348478,B.1.617.2,United Kingdom:England,2021-06-05
OU348479,B.1.617.2,United Kingdom:England,2021-06-10
OU348480,B.1.617.2,United Kingdom:England,2021-06-18
OU348482,B.1.617.2,United Kingdom:England,2021-06-10
OU348483,B.1.617.2,United Kingdom:England,2021-06-08
OU348484,B.1.617.2,United Kingdom:England,2021-06-04
OU348486,B.1.617.2,United Kingdom:England,2021-05-22
OU348487,B.1.617.2,United Kingdom:England,2021-06-04
OU348488,B.1.617.2,United Kingdom:England,2021-06-09
OU348489,B.1.617.2,United Kingdom:England,2021-06-04
OU348490,B.1.617.2,United Kingdom:England,2021-05-11
OU348493,B.1.617.2,United Kingdom:England,2021-06-04
OU348495,B.1.617.2,United Kingdom:England,2021-06-04
OU348500,B.1.617.2,United Kingdom:England,2021-06-04
OU348501,B.1.617.2,United Kingdom:England,2021-06-10
OU348502,B.1.617.2,United Kingdom:England,2021-06-09
OU348505,B.1.617.2,United Kingdom:England,2021-06-10
OU348506,B.1.617.2,United Kingdom:England,2021-06-10
OU348509,B.1.617.2,United Kingdom:England,2021-06-09
OU348510,B.1.617.2,United Kingdom:England,2021-06-03
OU348512,B.1.617.2,United Kingdom:England,2021-06-04
OU348514,B.1.617.2,United Kingdom:England,2021-06-08
OU348517,B.1.617.2,United Kingdom:England,2021-06-05
OU348518,B.1.617.2,United Kingdom:England,2021-05-19
OU348519,B.1.617.2,United Kingdom:England,2021-06-09
OU348521,B.1.617.2,United Kingdom:England,2021-06-05
OU348524,B.1.617.2,United Kingdom:England,2021-06-05
OU348525,B.1.617.2,United Kingdom:England,2021-05-08
OU348527,B.1.617.2,United Kingdom:England,2021-06-10
OU348529,B.1.617.2,United Kingdom:England,2021-06-09
OU348531,B.1.617.2,United Kingdom:England,2021-06-09
OU348534,B.1.617.2,United Kingdom:England,2021-06-10
OU348535,B.1.617.2,United Kingdom:England,2021-05-20
OU348536,B.1.617.2,United Kingdom:England,2021-06-10
OU348540,B.1.617.2,United Kingdom:England,2021-06-18
OU348542,B.1.617.2,United Kingdom:England,2021-06-09
MZ491480,B.1.617.2,USA: California,2021-06-11
MZ491501,B.1.617.2,USA: Florida,2021-06-09
MZ491657,B.1.617.2,USA: Florida,2021-06-09
MZ491704,B.1.617.2,USA: Texas,2021-06-09
MZ491783,B.1.617.2,USA: Nevada,2021-06-11
MZ491978,B.1.617.2,USA: Maryland,2021-06-02
MZ492270,B.1.617.2,USA: Maryland,2021-06-10
MZ492461,B.1.617.2,USA: Maryland,2021-06-12
MZ470855,B.1.617.2,Bangladesh: Sylhet,2021-06-20
MZ486494,B.1.617.2,USA: Virginia,2021-06
MZ475449,B.1.617.2,USA,2021-05-11
MZ465630,B.1.617.2,USA: MD,2021-06-14
MZ454597,B.1.617.2,USA: Minnesota,2021-05-06
MZ456545,B.1.617.2,USA: MD,2021-06-13
MZ449712,B.1.617.2,USA: Florida,2021-06-04
MZ449723,B.1.617.2,USA: Massachusetts,2021-06-04
MZ450170,B.1.617.2,USA: California,2021-06-05
MZ450306,B.1.617.2,USA: Florida,2021-06-06
MZ450477,B.1.617.2,USA: Tennessee,2021-06-08
MZ450656,B.1.617.2,USA: Florida,2021-06-11
MZ450728,B.1.617.2,USA: Florida,2021-06-10
MZ434516,B.1.617.2,USA: California,2021-05-10
MZ434577,B.1.617.2,USA: Colorado,2021-05-11
MZ436591,AY.2,USA: Louisiana,2021-06-01
MZ431987,B.1.617.2,USA: North Carolina,2021-05-19
MZ432663,B.1.617.2,USA: Colorado,2021-05-27
MZ414275,B.1.617.2,USA: Virginia,2021-06
MZ414367,B.1.617.2,USA: Virginia,2021-05
MZ414500,B.1.617.2,USA: New Jersey,2021-03-31
MZ411874,B.1.617.2,USA: Florida,2021-06-03
MZ411979,B.1.617.2,USA: Florida,2021-06-04
MZ412243,B.1.617.2,USA: New Jersey,2021-06-03
MZ412270,B.1.617.2,USA: New Jersey,2021-06-03
MZ412369,B.1.617.2,USA: Virginia,2021-06-04
MZ401459,B.1.617.2,Bangladesh: Dinajpur,2021-05-27
MZ401460,B.1.617.2,Bangladesh: Dinajpur,2021-05-27
MZ401465,B.1.617.2,Bangladesh: Chattogram,2021-05-30
MZ401733,B.1.617.2,USA: Minnesota,2021-05-19
MZ405188,B.1.617.2,USA: MD,2021-06-08
MZ397171,B.1.617.2,Myanmar,2020-05-28
MZ389960,B.1.617.2,USA: MD,2021-05-19
MZ390874,B.1.617.2,USA: Ohio,2021-05-21
MZ393539,B.1.617.2,USA: MD,2021-05-24
MZ386533,B.1.617.2,USA: California,2021-06-02
MZ377415,B.1.617.2,"USA: CA, Contra Costa County",2021-04-26
MZ376379,B.1.617.2,USA: Florida,2021-05-25
MZ376545,B.1.617.2,USA: Florida,2021-05-26
MZ371192,B.1.617.2,USA: Florida,2021-05-26
MZ371232,B.1.617.2,USA: Florida,2021-05-27
MZ371271,B.1.617.2,USA: Florida,2021-05-27
MZ371280,B.1.617.2,USA: Florida,2021-05-29
MZ371325,B.1.617.2,USA: New Hampshire,2021-05-27
MZ371326,B.1.617.2,USA: New Hampshire,2021-05-27
MZ371364,B.1.617.2,USA: Florida,2021-05-30
MZ371365,B.1.617.2,USA: Florida,2021-05-31
MZ371421,B.1.617.2,USA: Virginia,2021-05-17
MZ371785,B.1.617.2,USA: Virginia,2021-05-26
MZ371839,B.1.617.2,USA: Virginia,2021-05-18
MZ371917,B.1.617.2,USA: Virginia,2021-05-21
MZ362910,B.1.617.2,USA,2021-05-19
MZ363028,B.1.617.2,USA,2021-05-05
MZ363067,B.1.617.2,USA,2021-05-05
MZ356901,B.1.617.2,India,2021-04-19
MZ356903,B.1.617.2,India,2021-04-20
MZ356904,B.1.617.2,India,2021-04-16
MZ354207,B.1.617.2,USA: Florida,2021-05-12
MZ354412,B.1.617.2,USA: Texas,2021-05-11
MZ354628,B.1.617.2,USA: Florida,2021-05-12
MZ349764,B.1.617.2,USA: Virginia,2021-04-24
MZ340535,B.1.617.2,India,2021-03-31
MZ341611,B.1.617.2,USA: New Jersey,2021-05-18
MZ341708,B.1.617.2,USA: Illinois,2021-05-20
MZ342240,B.1.617.2,USA: Florida,2021-05-17
MZ342394,B.1.617.2,USA: Florida,2021-05-20
MZ342600,B.1.617.2,USA: Minnesota,2021-05-23
MZ343277,B.1.617.2,USA: MD,2021-05-24
MZ343599,B.1.617.2,USA: Virginia,2021-05
MZ343643,B.1.617.2,USA: California,2021-05-10
MZ343704,B.1.617.2,USA: Colorado,2021-05-11
MZ331867,B.1.617.2,"USA: California, Los Angeles County",2021-05-04
MZ334667,B.1.617.2,USA: Texas,2021-05-13
MZ320071,B.1.617.2,USA: Florida,2021-05-19
MZ320799,B.1.617.2,USA: California,2021-05-22
MZ321512,B.1.617.2,USA: Virginia,2021-05-13
MZ315575,B.1.617.2,USA: Maryland,2021-05-10
MZ315889,B.1.617.2,USA: Indiana,2021-05-08
MZ315957,B.1.617.2,USA: Florida,2021-05-09
LC633760,B.1.617.2,Japan,2021-04
MZ306558,B.1.617.2,USA: Minnesota,2021-05-12
MZ306939,B.1.617.2,USA: Louisiana,2021-05-17
MZ307512,B.1.617.2,USA: Virginia,2021-05-11
MZ308247,B.1.617.2,USA: Florida,2021-05-13
MZ295541,B.1.617.2,USA: Minnesota,2021-05-07
MZ297238,B.1.617.2,USA,2021-05-06
MZ278306,B.1.617.2,USA: GU,2021-04-26
MZ278858,B.1.617.2,USA: Pennsylvania,2021-05-04
MZ278889,B.1.617.2,USA: Florida,2021-05-03
MZ279473,B.1.617.2,USA: Indiana,2021-04-30
MZ280074,B.1.617.2,USA: Illinois,2021-04-30
MZ280416,B.1.617.2,USA: Kentucky,2021-05-04
MZ280773,B.1.617.2,USA: Illinois,2021-05-06
MZ280775,B.1.617.2,USA: Illinois,2021-05-06
MZ280859,B.1.617.2,USA: Maryland,2021-05-04
MZ280901,B.1.617.2,USA: Illinois,2021-05-08
MZ281103,B.1.617.2,USA: California,2021-05-06
MZ281111,B.1.617.2,USA: California,2021-05-06
MZ281604,B.1.617.2,USA: Ohio,2021-05-07
MZ281874,B.1.617.2,USA: Indiana,2021-05-03
MZ283541,B.1.617.2,USA: California,2021-04-22
MZ283546,B.1.617.2,USA: California,2021-04-22
MZ284079,B.1.617.2,USA: Florida,2021-04-22
MZ284737,B.1.617.2,USA: Idaho,2021-04-20
MZ286753,B.1.617.2,USA: FL,2021-04-28
MZ290293,B.1.617.2,USA: Florida,2021-05-05
MZ291125,B.1.617.2,USA: Minnesota,2021-05-06
MZ291163,B.1.617.2,USA: Florida,2021-05-07
MZ291315,B.1.617.2,USA: Florida,2021-05-05
OU032499,B.1.617.2,United Kingdom:England,2021-04-24
OU032519,B.1.617.2,United Kingdom:England,2021-04-19
MZ260820,B.1.617.2,USA: Minnesota,2021-04-30
MZ261257,B.1.617.2,USA: Minnesota,2021-04-27
MZ236962,B.1.617.2,USA: Florida,2021-04-28
MZ237608,B.1.617.2,USA: Florida,2021-05-02
MZ237961,B.1.617.2,USA: Florida,2021-05-02
MZ245040,B.1.617.2,USA: Illinois,2021-05-11
MZ245041,B.1.617.2,USA: Illinois,2021-05-11
MZ245108,B.1.617.2,USA: New York,2021-05-11
MZ252277,B.1.617.2,USA: Virginia,2021-05-06
MZ252332,B.1.617.2,USA: Illinois,2021-05-05
MZ252412,B.1.617.2,USA: Rhode Island,2021-05-06
MZ253166,B.1.617.2,USA: Virginia,2021-05-01
MZ228135,B.1.617.2,USA: Indiana,2021-04-29
OU030744,B.1.617.2,United Kingdom:England,2021-04-28
OU031856,B.1.617.2,United Kingdom:England,2021-04-22
MZ193471,B.1.617.2,USA: Minnesota,2021-04-20
MZ193484,B.1.617.2,USA: Minnesota,2021-04-20
MZ193771,B.1.617.2,USA: Minnesota,2021-04-23
MZ193955,B.1.617.2,USA: Minnesota,2021-04-25
MZ196154,B.1.617.2,USA: Florida,2021-04-25
MZ185411,B.1.617.2,USA: Alabama,2021-04-19
MZ186816,B.1.617.2,USA: Virginia,2021-04-15
MZ163951,B.1.617.2,USA: Georgia,2021-04-20
MZ153512,B.1.617.2,USA: Pennsylvania,2021-04-20
MZ088006,B.1.617.2,USA: MD,2021-04-14
MZ009768,B.1.617.2,USA: Indiana,2021-04-01
MZ009823,B.1.617.2,USA: Indiana,2021-04-01
MZ002494,B.1.617.2,USA: New Jersey,2021-03-31
MW989805,B.1.617.2,USA: NY,2021-03-16
MW931310,B.1.617.2,USA: Indiana,2021-03-29
